{"name":"ebbce801-8051-4673-a6b5-611bfcf9f33c","id":"/providers/Microsoft.Flow/flows/ebbce801-8051-4673-a6b5-611bfcf9f33c","type":"Microsoft.Flow/flows","properties":{"apiId":"/providers/Microsoft.PowerApps/apis/shared_logicflows","displayName":"Provision Team Flow","definition":{"metadata":{"workflowEntityId":null,"flowclientsuspensionreason":"None","flowclientsuspensiontime":null,"creator":{"id":"bea7a848-0459-4bee-9034-5513ee7f66e0","type":"User","tenantId":"6c94075a-da0a-4c6a-8411-badf652e8b53"},"provisioningMethod":"FromDefinition","failureAlertSubscription":true,"clientLastModifiedTime":"2020-11-08T17:08:51.7744034Z"},"$schema":"https://schema.management.azure.com/providers/Microsoft.Logic/schemas/2016-06-01/workflowdefinition.json#","contentVersion":"1.0.0.0","parameters":{"$connections":{"defaultValue":{},"type":"Object"},"$authentication":{"defaultValue":{},"type":"SecureObject"},"sharepoint.site":{"defaultValue":"","type":"String"},"sharepoint.list":{"defaultValue":"","type":"String"}},"triggers":{"When_a_new_item_is_created":{"recurrence":{"frequency":"Minute","interval":3},"splitOn":"@triggerBody()?.value","metadata":{"flowSystemMetadata":{"swaggerOperationId":"GetOnNewItems"}},"type":"ApiConnection","inputs":{"host":{"connection":{"name":"@parameters('$connections')['shared_sharepointonline']['connectionId']"},"api":{"runtimeUrl":"https://flow-apim-europe-001-westeurope-01.azure-apim.net/apim/sharepointonline"}},"method":"get","path":"/datasets/@{encodeURIComponent(encodeURIComponent('https://piasysdev.sharepoint.com/sites/WHProvisioning'))}/tables/@{encodeURIComponent(encodeURIComponent('083914dd-cc96-461b-9719-d94e72eda6cc'))}/onnewitems","authentication":"@parameters('$authentication')"},"conditions":[]}},"actions":{"Start_an_approval":{"runAfter":{},"metadata":{"flowSystemMetadata":{"swaggerOperationId":"approvalSubscribe"}},"type":"ApiConnectionWebhook","inputs":{"host":{"connection":{"name":"@parameters('$connections')['shared_approvals']['connectionId']"},"api":{"runtimeUrl":"https://flow-apim-europe-001-francecentral-01.azure-apim.net/apim/approvals"}},"body":{"NotificationUrl":"@listCallbackUrl()","title":"Please review: @{triggerBody()?['Title']}","assignedTo":"paolo@PiaSysDev.onmicrosoft.com;","details":"@{triggerBody()?['Author']?['DisplayName']} at @{triggerBody()?['Created']}","itemLink":"@triggerBody()?['{Link}']","itemLinkDescription":"@triggerBody()?['{Name}']"},"path":"/basic/$subscriptions","authentication":"@parameters('$authentication')"}},"Condition":{"actions":{"Inform_item_creator_of_approval":{"runAfter":{},"metadata":{"flowSystemMetadata":{"swaggerOperationId":"SendEmail"}},"type":"ApiConnection","inputs":{"host":{"connection":{"name":"@parameters('$connections')['shared_office365']['connectionId']"},"api":{"runtimeUrl":"https://flow-apim-europe-001-northeurope-01.azure-apim.net/apim/office365"}},"method":"post","body":{"To":"@{triggerBody()?['Author']?['Email']}","Subject":"Item: @{triggerBody()?['Title']} approved","Body":"Your request for @{triggerBody()?['Title']} has been approved by @{body('Start_an_approval')?['responder']?['displayName']}. Comments (if any): @{body('Start_an_approval')?['comments']}"},"path":"/Mail","authentication":"@parameters('$authentication')"}},"Set_Item_Approved":{"runAfter":{"Inform_item_creator_of_approval":["Succeeded"]},"metadata":{"flowSystemMetadata":{"swaggerOperationId":"PatchItem"}},"type":"ApiConnection","inputs":{"host":{"connection":{"name":"@parameters('$connections')['shared_sharepointonline']['connectionId']"},"api":{"runtimeUrl":"https://flow-apim-europe-001-westeurope-01.azure-apim.net/apim/sharepointonline"}},"method":"patch","body":{"Title":"@triggerBody()?['Title']","WHTeamStatus":{"Value":"Approved"}},"path":"/datasets/@{encodeURIComponent(encodeURIComponent('https://piasysdev.sharepoint.com/sites/WHProvisioning/'))}/tables/@{encodeURIComponent(encodeURIComponent('083914dd-cc96-461b-9719-d94e72eda6cc'))}/items/@{encodeURIComponent(triggerBody()?['ID'])}","authentication":"@parameters('$authentication')"}},"HTTP":{"runAfter":{"Set_Item_Approved":["Succeeded"]},"type":"Http","inputs":{"method":"POST","uri":"https://piasysdev-wh-teamsprovisioning.azurewebsites.net/api/ProvisionTeam?code=dUKgQAhHxqSkJ29yUfMsaRDPp9ScA9rl3LYEyOPi4tbMdCyqVqfTpw==","body":{"TeamTitle":"@{body('Set_Item_Approved')['Title']}","TeamAlias":"@{body('Set_Item_Approved')?['WHTeamAlias']}","TeamOwners":"@body('Set_Item_Approved')?['WHTeamOwners']","TeamMembers":"@triggerBody()?['WHTeamMembers']","TeamTemplateUri":"@{body('Set_Item_Approved')?['WHTeamTemplateUri']}","RequestSiteUrl":"https://piasysdev.sharepoint.com/sites/WHProvisioning/"},"retryPolicy":{"type":"none"}}},"Set_Item_Provisioned":{"runAfter":{"HTTP":["Succeeded"]},"metadata":{"flowSystemMetadata":{"swaggerOperationId":"PatchItem"}},"type":"ApiConnection","inputs":{"host":{"connection":{"name":"@parameters('$connections')['shared_sharepointonline']['connectionId']"},"api":{"runtimeUrl":"https://flow-apim-europe-001-westeurope-01.azure-apim.net/apim/sharepointonline"}},"method":"patch","body":{"Title":"@triggerBody()?['Title']","WHTeamStatus":{"Value":"Provisioned"}},"path":"/datasets/@{encodeURIComponent(encodeURIComponent('https://piasysdev.sharepoint.com/sites/WHProvisioning/'))}/tables/@{encodeURIComponent(encodeURIComponent('083914dd-cc96-461b-9719-d94e72eda6cc'))}/items/@{encodeURIComponent(triggerBody()?['ID'])}","authentication":"@parameters('$authentication')"}}},"runAfter":{"Start_an_approval":["Succeeded"]},"else":{"actions":{"Inform_item_creator_of_rejection":{"runAfter":{},"metadata":{"flowSystemMetadata":{"swaggerOperationId":"SendEmail"}},"type":"ApiConnection","inputs":{"host":{"connection":{"name":"@parameters('$connections')['shared_office365']['connectionId']"},"api":{"runtimeUrl":"https://flow-apim-europe-001-northeurope-01.azure-apim.net/apim/office365"}},"method":"post","body":{"To":"@{triggerBody()?['Author']?['Email']}","Subject":"Item: @{triggerBody()?['Title']} rejected","Body":"Your request for @{triggerBody()?['Title']} has been rejected by @{body('Start_an_approval')?['responder']?['displayName']}. Comments (if any): @{body('Start_an_approval')?['comments']}"},"path":"/Mail","authentication":"@parameters('$authentication')"}},"Set_Item_Rejected":{"runAfter":{"Inform_item_creator_of_rejection":["Succeeded"]},"metadata":{"flowSystemMetadata":{"swaggerOperationId":"PatchItem"}},"type":"ApiConnection","inputs":{"host":{"connection":{"name":"@parameters('$connections')['shared_sharepointonline']['connectionId']"},"api":{"runtimeUrl":"https://flow-apim-europe-001-westeurope-01.azure-apim.net/apim/sharepointonline"}},"method":"patch","body":{"Title":"@triggerBody()?['Title']","WHTeamStatus":{"Value":"Rejected"}},"path":"/datasets/@{encodeURIComponent(encodeURIComponent('https://piasysdev.sharepoint.com/sites/WHProvisioning/'))}/tables/@{encodeURIComponent(encodeURIComponent('083914dd-cc96-461b-9719-d94e72eda6cc'))}/items/@{encodeURIComponent(triggerBody()?['ID'])}","authentication":"@parameters('$authentication')"}}}},"expression":"@equals(body('Start_an_approval')?['response'], 'Approve')","type":"If"},"Get_my_profile_(V2)":{"runAfter":{"Start_an_approval":["Failed"]},"metadata":{"flowSystemMetadata":{"swaggerOperationId":"MyProfile_V2"}},"type":"ApiConnection","inputs":{"host":{"connection":{"name":"@parameters('$connections')['shared_office365users']['connectionId']"},"api":{"runtimeUrl":"https://flow-apim-europe-001-northeurope-01.azure-apim.net/apim/office365users"}},"method":"get","path":"/codeless/v1.0/me","queries":{"$select":"Mail"},"authentication":"@parameters('$authentication')"}},"Send_an_email_(V2)":{"runAfter":{"Get_my_profile_(V2)":["Succeeded"]},"metadata":{"flowSystemMetadata":{"swaggerOperationId":"SendEmailV2"}},"type":"ApiConnection","inputs":{"host":{"connection":{"name":"@parameters('$connections')['shared_office365']['connectionId']"},"api":{"runtimeUrl":"https://flow-apim-europe-001-northeurope-01.azure-apim.net/apim/office365"}},"method":"post","body":{"To":"@{body('Get_my_profile_(V2)')?['mail']};","Subject":"Start an Approval action failed","Body":"<p>Start an Approval action failed. Please check the values assigned for the action.</p>"},"path":"/v2/Mail","authentication":"@parameters('$authentication')"}},"Terminate":{"runAfter":{"Send_an_email_(V2)":["Succeeded"]},"type":"Terminate","inputs":{"runStatus":"Succeeded"}}},"description":"Use this template for processing approvals on SharePoint list items. The approver can view their approval requests in the Approvals Center and over email. Once an item is approved or rejected, the item creator is sent a confirmation email."},"connectionReferences":{"shared_approvals":{"connectionName":"shared-approvals-3461e331-87e6-4e30-a47a-51ffae450905","source":"Embedded","id":"/providers/Microsoft.PowerApps/apis/shared_approvals","tier":"NotSpecified"},"shared_office365":{"connectionName":"shared-office365-3e30cdd5-e48c-4a4e-8007-5fa30adbdf04","source":"Embedded","id":"/providers/Microsoft.PowerApps/apis/shared_office365","tier":"NotSpecified"},"shared_sharepointonline":{"connectionName":"shared-sharepointonl-31f64048-4aeb-470b-b857-4c799e034f5e","source":"Embedded","id":"/providers/Microsoft.PowerApps/apis/shared_sharepointonline","tier":"NotSpecified"},"shared_office365users":{"connectionName":"shared-office365user-a2caab3b-f9f7-49cc-8608-ee2c7ee3dcd7","source":"Embedded","id":"/providers/Microsoft.PowerApps/apis/shared_office365users","tier":"NotSpecified"}},"flowFailureAlertSubscribed":false}}